cellBC,intBC,allele,r1,r2,r1_no_context,r2_no_context,lineageGrp,UMI,readCount,Sample,status,concat
AACAACCAGTGCTCAT-1,GAAACGGTAACTGTCGGAGTGAATATGAT,GGCAC[49:34D]AGTAAGGCAC[49:34D]AGTAA,GGCAC[49:34D]AGTAA,GGCAC[49:34D]AGTAA,49:34D,49:34D,2,1,5,AACAACCAGTGCTCAT-1,good,49:34D49:34D
TGGGAAGTCGAACGCC-1,GAAACGGTAACTGTCGGAGTGAATATGAT,GGCAC[49:34D]AGTAAGGCAC[49:34D]AGTAA,GGCAC[49:34D]AGTAA,GGCAC[49:34D]AGTAA,49:34D,49:34D,2,1,1,TGGGAAGTCGAACGCC-1,good,49:34D49:34D
ACTTTCAAGGCATCTT-1,GAAACGGTAACTGTCGGAGTGAATATGAT,TTCCG[55:32D]ATCGGTTCCG[55:32D]ATCGG,TTCCG[55:32D]ATCGG,TTCCG[55:32D]ATCGG,55:32D,55:32D,2,1,1,ACTTTCAAGGCATCTT-1,good,55:32D55:32D
AGTGACTAGCATGTTC-1,GAAACGGTAACTGTCGGAGTGAATATGAT,CGAGA[None]CATTCACGTC[71:6D]TGTCC,CGAGA[None]CATTC,ACGTC[71:6D]TGTCC,None,71:6D,2,1,1,AGTGACTAGCATGTTC-1,good,None71:6D
AAGACTCTCCCATAGA-1,GAAACGGTAACTGTCGGAGTGAATATGAT,CGAGA[None]CATTCGTCTC[73:7D]CCTAG,CGAGA[None]CATTC,GTCTC[73:7D]CCTAG,None,73:7D,2,1,1,AAGACTCTCCCATAGA-1,good,None73:7D
TTTCAGTTCGTAATGC-1,GAAACGGTAACTGTCGGAGTGAATATGAT,CGAGA[None]CATTCTCCAC[76:10D]AATAG,CGAGA[None]CATTC,TCCAC[76:10D]AATAG,None,76:10D,2,1,2,TTTCAGTTCGTAATGC-1,good,None76:10D
GTAGAGGTCTTTGCTA-1,GAAACGGTAACTGTCGGAGTGAATATGAT,CGAGA[None]CATTCTCCAC[76:2D]GTCCT,CGAGA[None]CATTC,TCCAC[76:2D]GTCCT,None,76:2D,2,1,1,GTAGAGGTCTTTGCTA-1,good,None76:2D
AAATGGATCACGACTA-1,GAAACGGTAACTGTCGGAGTGAATATGAT,CGAGA[None]CATTCCCACT[77:5D]AAGTA,CGAGA[None]CATTC,CCACT[77:5D]AAGTA,None,77:5D,2,1,2,AAATGGATCACGACTA-1,good,None77:5D
AAATGGATCACGACTA-1,ACGTGTTGATCGTGTACGTGTCCTATGAT,CGAGA[None]CATTCCACTT[78:13D]GTAGC,CGAGA[None]CATTC,CACTT[78:13D]GTAGC,None,78:13D,1,1,5,AAATGGATCACGACTA-1,good,None78:13D
AACAACCAGTGCTCAT-1,ACGTGTTGATCGTGTACGTGTCCTATGAT,CGAGA[None]CATTCCACTT[78:13D]GTAGC,CGAGA[None]CATTC,CACTT[78:13D]GTAGC,None,78:13D,1,1,1,AACAACCAGTGCTCAT-1,good,None78:13D
ACTTTCAAGGCATCTT-1,ACGTGTTGATCGTGTACGTGTCCTATGAT,CGAGA[None]CATTCCACTT[78:13D]GTAGC,CGAGA[None]CATTC,CACTT[78:13D]GTAGC,None,78:13D,1,2,12,ACTTTCAAGGCATCTT-1,good,None78:13D
AGTGACTAGCATGTTC-1,ACGTGTTGATCGTGTACGTGTCCTATGAT,CGAGA[None]CATTCCACTT[78:13D]GTAGC,CGAGA[None]CATTC,CACTT[78:13D]GTAGC,None,78:13D,1,1,5,AGTGACTAGCATGTTC-1,good,None78:13D
GTAGAGGTCTTTGCTA-1,ACGTGTTGATCGTGTACGTGTCCTATGAT,CGAGA[None]CATTCCACTT[78:13D]GTAGC,CGAGA[None]CATTC,CACTT[78:13D]GTAGC,None,78:13D,1,1,8,GTAGAGGTCTTTGCTA-1,good,None78:13D
AAATGGATCACGACTA-1,GAAACGGTAACTGTCGGAGTGAATATGAT,CGAGA[None]CATTCCACTT[78:4D]TAGTA,CGAGA[None]CATTC,CACTT[78:4D]TAGTA,None,78:4D,2,1,1,AAATGGATCACGACTA-1,good,None78:4D
AAGACTCTCCCATAGA-1,GAAACGGTAACTGTCGGAGTGAATATGAT,CGAGA[None]CATTCCTTGT[80:1D]CTAGT,CGAGA[None]CATTC,CTTGT[80:1D]CTAGT,None,80:1D,2,1,3,AAGACTCTCCCATAGA-1,good,None80:1D
TGGGAAGTCGAACGCC-1,ACGTGTTGATCGTGTACGTGTCCTATGAT,CGAGA[None]CATTCCTTGT[80:1D]CTAGT,CGAGA[None]CATTC,CTTGT[80:1D]CTAGT,None,80:1D,1,1,12,TGGGAAGTCGAACGCC-1,good,None80:1D
TTTCAGTTCGTAATGC-1,ACGTGTTGATCGTGTACGTGTCCTATGAT,CGAGA[None]CATTCCTTGT[80:1D]CTAGT,CGAGA[None]CATTC,CTTGT[80:1D]CTAGT,None,80:1D,1,1,10,TTTCAGTTCGTAATGC-1,good,None80:1D